io.swagger.v3.parser.processors.ParameterProcessor,source,147
io.swagger.v3.parser.processors.ParameterProcessor,source,148
io.swagger.v3.parser.processors.ParameterProcessor,source,164
io.swagger.v3.parser.processors.ParameterProcessor,source,149
io.swagger.v3.parser.processors.ParameterProcessor,source,150
io.swagger.v3.parser.processors.ParameterProcessor,source,151
io.swagger.v3.parser.processors.ParameterProcessor,source,152
io.swagger.v3.parser.processors.ParameterProcessor,source,153
io.swagger.v3.parser.processors.ParameterProcessor,source,154
io.swagger.v3.parser.processors.ParameterProcessor,source,156
io.swagger.v3.parser.processors.ParameterProcessor,source,157
io.swagger.v3.parser.processors.ParameterProcessor,source,158
io.swagger.v3.parser.processors.ParameterProcessor,sink,162
io.swagger.v3.parser.processors.ParameterProcessor,sink,146
io.swagger.v3.parser.processors.ParameterProcessor,sink,147
io.swagger.v3.parser.processors.ParameterProcessor,sink,148
io.swagger.v3.parser.processors.ParameterProcessor,sink,149
io.swagger.v3.parser.processors.ParameterProcessor,sink,150
io.swagger.v3.parser.processors.ParameterProcessor,sink,151
io.swagger.v3.parser.processors.ParameterProcessor,sink,152
io.swagger.v3.parser.processors.ParameterProcessor,sink,153
io.swagger.v3.parser.processors.ParameterProcessor,sink,154
io.swagger.v3.parser.processors.ParameterProcessor,sink,156
io.swagger.v3.parser.processors.ParameterProcessor,sink,157
io.swagger.v3.parser.processors.ParameterProcessor,sink,158
