org.rdfhdt.hdt.hdt.impl.HDTImpl,sink,512
org.rdfhdt.hdt.hdt.impl.HDTImpl,sink,514
org.rdfhdt.hdt.hdt.impl.HDTImpl,sink,515
org.rdfhdt.hdt.hdt.impl.HDTImpl,sink,483
org.rdfhdt.hdt.hdt.impl.HDTImpl,sink,516
org.rdfhdt.hdt.hdt.impl.HDTImpl,sink,485
org.rdfhdt.hdt.hdt.impl.HDTImpl,sink,517
org.rdfhdt.hdt.hdt.impl.HDTImpl,sink,521
org.rdfhdt.hdt.hdt.impl.HDTImpl,sink,493
org.rdfhdt.hdt.hdt.impl.HDTImpl,sink,494
org.rdfhdt.hdt.hdt.impl.HDTImpl,sink,495
org.rdfhdt.hdt.hdt.impl.HDTImpl,sink,496
org.rdfhdt.hdt.hdt.impl.HDTImpl,sink,497
org.rdfhdt.hdt.hdt.impl.HDTImpl,sink,468
org.rdfhdt.hdt.hdt.impl.HDTImpl,sink,469
org.rdfhdt.hdt.hdt.impl.HDTImpl,sink,501
org.rdfhdt.hdt.hdt.impl.HDTImpl,sink,470
org.rdfhdt.hdt.hdt.impl.HDTImpl,sink,471
org.rdfhdt.hdt.hdt.impl.HDTImpl,sink,505
org.rdfhdt.hdt.hdt.impl.HDTImpl,sink,506
org.rdfhdt.hdt.hdt.impl.HDTImpl,sink,507
org.rdfhdt.hdt.hdt.impl.HDTImpl,sink,508
org.rdfhdt.hdt.hdt.impl.HDTImpl,source,516
org.rdfhdt.hdt.hdt.impl.HDTImpl,source,485
org.rdfhdt.hdt.hdt.impl.HDTImpl,source,517
org.rdfhdt.hdt.hdt.impl.HDTImpl,source,521
org.rdfhdt.hdt.hdt.impl.HDTImpl,source,506
org.rdfhdt.hdt.hdt.impl.HDTImpl,source,508
