com.github.kongchen.swagger.docgen.mustache.OutputTemplate,source,160
com.github.kongchen.swagger.docgen.mustache.OutputTemplate,source,129
com.github.kongchen.swagger.docgen.mustache.OutputTemplate,source,162
com.github.kongchen.swagger.docgen.mustache.OutputTemplate,source,163
com.github.kongchen.swagger.docgen.mustache.OutputTemplate,source,164
com.github.kongchen.swagger.docgen.mustache.OutputTemplate,source,165
com.github.kongchen.swagger.docgen.mustache.OutputTemplate,source,158
com.github.kongchen.swagger.docgen.mustache.OutputTemplate,source,159
com.github.kongchen.swagger.docgen.mustache.OutputTemplate,sink,128
com.github.kongchen.swagger.docgen.mustache.OutputTemplate,sink,113
com.github.kongchen.swagger.docgen.mustache.OutputTemplate,sink,129
com.github.kongchen.swagger.docgen.mustache.OutputTemplate,sink,162
com.github.kongchen.swagger.docgen.mustache.OutputTemplate,sink,130
com.github.kongchen.swagger.docgen.mustache.OutputTemplate,sink,133
com.github.kongchen.swagger.docgen.mustache.OutputTemplate,sink,104
com.github.kongchen.swagger.docgen.mustache.OutputTemplate,sink,121
com.github.kongchen.swagger.docgen.mustache.OutputTemplate,sink,124
com.github.kongchen.swagger.docgen.mustache.OutputTemplate,sink,125
com.github.kongchen.swagger.docgen.mustache.OutputTemplate,sink,126
com.github.kongchen.swagger.docgen.mustache.OutputTemplate,sink,127
