com.threerings.getdown.launcher.Getdown,sink,486
com.threerings.getdown.launcher.Getdown,sink,487
com.threerings.getdown.launcher.Getdown,sink,488
com.threerings.getdown.launcher.Getdown,sink,489
com.threerings.getdown.launcher.Getdown,sink,490
com.threerings.getdown.launcher.Getdown,sink,491
com.threerings.getdown.launcher.Getdown,sink,492
com.threerings.getdown.launcher.Getdown,sink,493
com.threerings.getdown.launcher.Getdown,sink,494
com.threerings.getdown.launcher.Getdown,sink,495
com.threerings.getdown.launcher.Getdown,source,384
com.threerings.getdown.launcher.Getdown,source,385
com.threerings.getdown.launcher.Getdown,source,396
com.threerings.getdown.launcher.Getdown,source,383
