org.jboss.remotingjmx.RemotingConnector,source,256
org.jboss.remotingjmx.RemotingConnector,source,258
org.jboss.remotingjmx.RemotingConnector,source,261
org.jboss.remotingjmx.RemotingConnector,source,265
org.jboss.remotingjmx.RemotingConnector,source,266
org.jboss.remotingjmx.RemotingConnector,source,267
org.jboss.remotingjmx.RemotingConnector,source,204
org.jboss.remotingjmx.RemotingConnector,source,268
org.jboss.remotingjmx.RemotingConnector,source,269
org.jboss.remotingjmx.RemotingConnector,source,206
org.jboss.remotingjmx.RemotingConnector,source,207
org.jboss.remotingjmx.RemotingConnector,source,208
org.jboss.remotingjmx.RemotingConnector,source,210
org.jboss.remotingjmx.RemotingConnector,source,211
org.jboss.remotingjmx.RemotingConnector,source,276
org.jboss.remotingjmx.RemotingConnector,source,212
org.jboss.remotingjmx.RemotingConnector,source,213
org.jboss.remotingjmx.RemotingConnector,source,214
org.jboss.remotingjmx.RemotingConnector,source,215
org.jboss.remotingjmx.RemotingConnector,source,216
org.jboss.remotingjmx.RemotingConnector,source,217
org.jboss.remotingjmx.RemotingConnector,source,218
org.jboss.remotingjmx.RemotingConnector,source,219
org.jboss.remotingjmx.RemotingConnector,source,221
org.jboss.remotingjmx.RemotingConnector,source,222
org.jboss.remotingjmx.RemotingConnector,source,224
org.jboss.remotingjmx.RemotingConnector,source,225
org.jboss.remotingjmx.RemotingConnector,source,226
org.jboss.remotingjmx.RemotingConnector,source,227
org.jboss.remotingjmx.RemotingConnector,source,230
org.jboss.remotingjmx.RemotingConnector,source,232
org.jboss.remotingjmx.RemotingConnector,source,234
org.jboss.remotingjmx.RemotingConnector,source,235
org.jboss.remotingjmx.RemotingConnector,source,236
org.jboss.remotingjmx.RemotingConnector,source,240
org.jboss.remotingjmx.RemotingConnector,source,241
org.jboss.remotingjmx.RemotingConnector,source,242
org.jboss.remotingjmx.RemotingConnector,source,243
org.jboss.remotingjmx.RemotingConnector,source,245
org.jboss.remotingjmx.RemotingConnector,source,246
org.jboss.remotingjmx.RemotingConnector,source,247
org.jboss.remotingjmx.RemotingConnector,source,248
org.jboss.remotingjmx.RemotingConnector,source,252
org.jboss.remotingjmx.RemotingConnector,source,253
org.jboss.remotingjmx.RemotingConnector,source,254
org.jboss.remotingjmx.RemotingConnector,source,255
org.jboss.remotingjmx.RemotingConnector,sink,256
org.jboss.remotingjmx.RemotingConnector,sink,258
org.jboss.remotingjmx.RemotingConnector,sink,261
org.jboss.remotingjmx.RemotingConnector,sink,269
org.jboss.remotingjmx.RemotingConnector,sink,206
org.jboss.remotingjmx.RemotingConnector,sink,207
org.jboss.remotingjmx.RemotingConnector,sink,248
org.jboss.remotingjmx.RemotingConnector,sink,217
org.jboss.remotingjmx.RemotingConnector,sink,219
org.jboss.remotingjmx.RemotingConnector,sink,252
org.jboss.remotingjmx.RemotingConnector,sink,253
org.jboss.remotingjmx.RemotingConnector,sink,254
org.jboss.remotingjmx.RemotingConnector,sink,255
