com.orientechnologies.orient.etl.transformer.OEdgeTransformer,source,116
com.orientechnologies.orient.etl.transformer.OEdgeTransformer,source,123
com.orientechnologies.orient.etl.transformer.OEdgeTransformer,source,127
com.orientechnologies.orient.etl.transformer.OEdgeTransformer,sink,99
com.orientechnologies.orient.etl.transformer.OEdgeTransformer,sink,102
com.orientechnologies.orient.etl.transformer.OEdgeTransformer,sink,103
com.orientechnologies.orient.etl.transformer.OEdgeTransformer,sink,104
com.orientechnologies.orient.etl.transformer.OEdgeTransformer,sink,105
com.orientechnologies.orient.etl.transformer.OEdgeTransformer,sink,107
com.orientechnologies.orient.etl.transformer.OEdgeTransformer,sink,113
com.orientechnologies.orient.etl.transformer.OEdgeTransformer,sink,114
com.orientechnologies.orient.etl.transformer.OEdgeTransformer,sink,115
com.orientechnologies.orient.etl.transformer.OEdgeTransformer,sink,116
com.orientechnologies.orient.etl.transformer.OEdgeTransformer,sink,121
com.orientechnologies.orient.etl.transformer.OEdgeTransformer,sink,122
com.orientechnologies.orient.etl.transformer.OEdgeTransformer,sink,123
com.orientechnologies.orient.etl.transformer.OEdgeTransformer,sink,127
