com.google.jenkins.plugins.credentials.oauth.GoogleRobotPrivateKeyCredentials,sink,86
com.google.jenkins.plugins.credentials.oauth.GoogleRobotPrivateKeyCredentials,sink,87
com.google.jenkins.plugins.credentials.oauth.GoogleRobotPrivateKeyCredentials,sink,88
com.google.jenkins.plugins.credentials.oauth.GoogleRobotPrivateKeyCredentials,sink,89
com.google.jenkins.plugins.credentials.oauth.GoogleRobotPrivateKeyCredentials,sink,90
com.google.jenkins.plugins.credentials.oauth.GoogleRobotPrivateKeyCredentials,sink,91
com.google.jenkins.plugins.credentials.oauth.GoogleRobotPrivateKeyCredentials,source,86
com.google.jenkins.plugins.credentials.oauth.GoogleRobotPrivateKeyCredentials,source,88
com.google.jenkins.plugins.credentials.oauth.GoogleRobotPrivateKeyCredentials,source,89
com.google.jenkins.plugins.credentials.oauth.GoogleRobotPrivateKeyCredentials,source,90
com.google.jenkins.plugins.credentials.oauth.GoogleRobotPrivateKeyCredentials,source,91
