com.github.sd4324530.fastweixin.servlet.WeixinSupport,sink,224
com.github.sd4324530.fastweixin.servlet.WeixinSupport,sink,225
com.github.sd4324530.fastweixin.servlet.WeixinSupport,sink,226
com.github.sd4324530.fastweixin.servlet.WeixinSupport,sink,227
com.github.sd4324530.fastweixin.servlet.WeixinSupport,sink,228
com.github.sd4324530.fastweixin.servlet.WeixinSupport,sink,229
com.github.sd4324530.fastweixin.servlet.WeixinSupport,sink,230
com.github.sd4324530.fastweixin.servlet.WeixinSupport,sink,231
com.github.sd4324530.fastweixin.servlet.WeixinSupport,sink,232
com.github.sd4324530.fastweixin.servlet.WeixinSupport,sink,233
com.github.sd4324530.fastweixin.servlet.WeixinSupport,sink,234
com.github.sd4324530.fastweixin.servlet.WeixinSupport,sink,235
com.github.sd4324530.fastweixin.servlet.WeixinSupport,sink,223
com.github.sd4324530.fastweixin.servlet.WeixinSupport,source,276
com.github.sd4324530.fastweixin.servlet.WeixinSupport,source,277
com.github.sd4324530.fastweixin.servlet.WeixinSupport,source,278
com.github.sd4324530.fastweixin.servlet.WeixinSupport,source,279
com.github.sd4324530.fastweixin.servlet.WeixinSupport,source,280
com.github.sd4324530.fastweixin.servlet.WeixinSupport,source,233
com.github.sd4324530.fastweixin.servlet.WeixinSupport,source,281
com.github.sd4324530.fastweixin.servlet.WeixinSupport,source,235
