com.github.sd4324530.fastweixin.servlet.WeixinSupport,source,224
com.github.sd4324530.fastweixin.servlet.WeixinSupport,source,225
com.github.sd4324530.fastweixin.servlet.WeixinSupport,source,226
com.github.sd4324530.fastweixin.servlet.WeixinSupport,source,227
com.github.sd4324530.fastweixin.servlet.WeixinSupport,source,228
com.github.sd4324530.fastweixin.servlet.WeixinSupport,source,229
com.github.sd4324530.fastweixin.servlet.WeixinSupport,source,230
com.github.sd4324530.fastweixin.servlet.WeixinSupport,source,231
com.github.sd4324530.fastweixin.servlet.WeixinSupport,source,232
com.github.sd4324530.fastweixin.servlet.WeixinSupport,source,233
com.github.sd4324530.fastweixin.servlet.WeixinSupport,source,234
com.github.sd4324530.fastweixin.servlet.WeixinSupport,source,235
com.github.sd4324530.fastweixin.servlet.WeixinSupport,source,223
com.github.sd4324530.fastweixin.servlet.WeixinSupport,sink,276
com.github.sd4324530.fastweixin.servlet.WeixinSupport,sink,277
com.github.sd4324530.fastweixin.servlet.WeixinSupport,sink,278
com.github.sd4324530.fastweixin.servlet.WeixinSupport,sink,279
com.github.sd4324530.fastweixin.servlet.WeixinSupport,sink,280
com.github.sd4324530.fastweixin.servlet.WeixinSupport,sink,233
com.github.sd4324530.fastweixin.servlet.WeixinSupport,sink,281
com.github.sd4324530.fastweixin.servlet.WeixinSupport,sink,235
