hudson.plugins.logparser.LogParserParser,source,176
hudson.plugins.logparser.LogParserParser,source,178
hudson.plugins.logparser.LogParserParser,source,101
hudson.plugins.logparser.LogParserParser,source,198
hudson.plugins.logparser.LogParserParser,source,199
hudson.plugins.logparser.LogParserParser,source,200
hudson.plugins.logparser.LogParserParser,source,201
hudson.plugins.logparser.LogParserParser,source,203
hudson.plugins.logparser.LogParserParser,source,173
hudson.plugins.logparser.LogParserParser,source,174
hudson.plugins.logparser.LogParserParser,source,175
hudson.plugins.logparser.LogParserParser,sink,161
hudson.plugins.logparser.LogParserParser,sink,92
hudson.plugins.logparser.LogParserParser,sink,93
