io.norberg.automatter.processor.AutoMatterProcessor,source,1237
io.norberg.automatter.processor.AutoMatterProcessor,source,1238
io.norberg.automatter.processor.AutoMatterProcessor,source,1239
io.norberg.automatter.processor.AutoMatterProcessor,source,1240
io.norberg.automatter.processor.AutoMatterProcessor,source,1243
io.norberg.automatter.processor.AutoMatterProcessor,source,1244
io.norberg.automatter.processor.AutoMatterProcessor,source,1245
io.norberg.automatter.processor.AutoMatterProcessor,source,1246
io.norberg.automatter.processor.AutoMatterProcessor,sink,1248
io.norberg.automatter.processor.AutoMatterProcessor,sink,1247
