net.nicoulaj.maven.plugins.checksum.mojo.AbstractChecksumMojo,sink,182
net.nicoulaj.maven.plugins.checksum.mojo.AbstractChecksumMojo,sink,168
net.nicoulaj.maven.plugins.checksum.mojo.AbstractChecksumMojo,sink,184
net.nicoulaj.maven.plugins.checksum.mojo.AbstractChecksumMojo,sink,155
net.nicoulaj.maven.plugins.checksum.mojo.AbstractChecksumMojo,sink,174
net.nicoulaj.maven.plugins.checksum.mojo.AbstractChecksumMojo,sink,159
net.nicoulaj.maven.plugins.checksum.mojo.AbstractChecksumMojo,source,154
net.nicoulaj.maven.plugins.checksum.mojo.AbstractChecksumMojo,source,155
net.nicoulaj.maven.plugins.checksum.mojo.AbstractChecksumMojo,source,156
net.nicoulaj.maven.plugins.checksum.mojo.AbstractChecksumMojo,source,157
net.nicoulaj.maven.plugins.checksum.mojo.AbstractChecksumMojo,source,158
net.nicoulaj.maven.plugins.checksum.mojo.AbstractChecksumMojo,source,159
