com.sksamuel.jqm4gwt.list.JQMListItem,sink,576
com.sksamuel.jqm4gwt.list.JQMListItem,sink,577
com.sksamuel.jqm4gwt.list.JQMListItem,sink,578
com.sksamuel.jqm4gwt.list.JQMListItem,sink,580
com.sksamuel.jqm4gwt.list.JQMListItem,sink,581
com.sksamuel.jqm4gwt.list.JQMListItem,sink,584
com.sksamuel.jqm4gwt.list.JQMListItem,sink,587
com.sksamuel.jqm4gwt.list.JQMListItem,sink,589
com.sksamuel.jqm4gwt.list.JQMListItem,sink,567
com.sksamuel.jqm4gwt.list.JQMListItem,sink,568
com.sksamuel.jqm4gwt.list.JQMListItem,sink,569
com.sksamuel.jqm4gwt.list.JQMListItem,sink,570
com.sksamuel.jqm4gwt.list.JQMListItem,sink,573
com.sksamuel.jqm4gwt.list.JQMListItem,sink,574
com.sksamuel.jqm4gwt.list.JQMListItem,sink,575
com.sksamuel.jqm4gwt.list.JQMListItem,source,576
com.sksamuel.jqm4gwt.list.JQMListItem,source,577
com.sksamuel.jqm4gwt.list.JQMListItem,source,578
com.sksamuel.jqm4gwt.list.JQMListItem,source,580
com.sksamuel.jqm4gwt.list.JQMListItem,source,581
com.sksamuel.jqm4gwt.list.JQMListItem,source,584
com.sksamuel.jqm4gwt.list.JQMListItem,source,587
com.sksamuel.jqm4gwt.list.JQMListItem,source,589
com.sksamuel.jqm4gwt.list.JQMListItem,source,567
com.sksamuel.jqm4gwt.list.JQMListItem,source,568
com.sksamuel.jqm4gwt.list.JQMListItem,source,569
com.sksamuel.jqm4gwt.list.JQMListItem,source,570
com.sksamuel.jqm4gwt.list.JQMListItem,source,575
