com.monitorjbl.xlsx.StreamingReader,source,129
com.monitorjbl.xlsx.StreamingReader,source,130
com.monitorjbl.xlsx.StreamingReader,sink,131
com.monitorjbl.xlsx.StreamingReader,sink,132
com.monitorjbl.xlsx.StreamingReader,sink,133
com.monitorjbl.xlsx.StreamingReader,sink,135
com.monitorjbl.xlsx.StreamingReader,sink,136
com.monitorjbl.xlsx.StreamingReader,sink,137
com.monitorjbl.xlsx.StreamingReader,sink,138
com.monitorjbl.xlsx.StreamingReader,sink,139
com.monitorjbl.xlsx.StreamingReader,sink,140
com.monitorjbl.xlsx.StreamingReader,sink,141
