org.datasift.streamconsumer.HttpMultiThread,source,208
org.datasift.streamconsumer.HttpMultiThread,source,205
org.datasift.streamconsumer.HttpMultiThread,source,206
org.datasift.streamconsumer.HttpMultiThread,source,207
org.datasift.streamconsumer.HttpMultiThread,sink,134
org.datasift.streamconsumer.HttpMultiThread,sink,138
org.datasift.streamconsumer.HttpMultiThread,sink,139
org.datasift.streamconsumer.HttpMultiThread,sink,172
org.datasift.streamconsumer.HttpMultiThread,sink,142
org.datasift.streamconsumer.HttpMultiThread,sink,143
org.datasift.streamconsumer.HttpMultiThread,sink,144
org.datasift.streamconsumer.HttpMultiThread,sink,145
org.datasift.streamconsumer.HttpMultiThread,sink,146
org.datasift.streamconsumer.HttpMultiThread,sink,147
org.datasift.streamconsumer.HttpMultiThread,sink,148
org.datasift.streamconsumer.HttpMultiThread,sink,117
org.datasift.streamconsumer.HttpMultiThread,sink,149
org.datasift.streamconsumer.HttpMultiThread,sink,150
org.datasift.streamconsumer.HttpMultiThread,sink,118
org.datasift.streamconsumer.HttpMultiThread,sink,151
org.datasift.streamconsumer.HttpMultiThread,sink,152
org.datasift.streamconsumer.HttpMultiThread,sink,153
org.datasift.streamconsumer.HttpMultiThread,sink,154
org.datasift.streamconsumer.HttpMultiThread,sink,155
org.datasift.streamconsumer.HttpMultiThread,sink,156
org.datasift.streamconsumer.HttpMultiThread,sink,157
