xdi2.webtools.discoverer.XDIDiscoverer,sink,288
xdi2.webtools.discoverer.XDIDiscoverer,sink,289
xdi2.webtools.discoverer.XDIDiscoverer,sink,290
xdi2.webtools.discoverer.XDIDiscoverer,sink,99
xdi2.webtools.discoverer.XDIDiscoverer,sink,100
xdi2.webtools.discoverer.XDIDiscoverer,sink,292
xdi2.webtools.discoverer.XDIDiscoverer,sink,294
xdi2.webtools.discoverer.XDIDiscoverer,sink,295
xdi2.webtools.discoverer.XDIDiscoverer,sink,112
xdi2.webtools.discoverer.XDIDiscoverer,sink,113
xdi2.webtools.discoverer.XDIDiscoverer,sink,312
xdi2.webtools.discoverer.XDIDiscoverer,sink,345
xdi2.webtools.discoverer.XDIDiscoverer,sink,346
xdi2.webtools.discoverer.XDIDiscoverer,sink,286
xdi2.webtools.discoverer.XDIDiscoverer,sink,287
xdi2.webtools.discoverer.XDIDiscoverer,source,99
xdi2.webtools.discoverer.XDIDiscoverer,source,100
