net.jsign.AuthenticodeSigner,sink,417
net.jsign.AuthenticodeSigner,source,432
net.jsign.AuthenticodeSigner,source,433
net.jsign.AuthenticodeSigner,source,435
net.jsign.AuthenticodeSigner,source,423
net.jsign.AuthenticodeSigner,source,424
net.jsign.AuthenticodeSigner,source,425
net.jsign.AuthenticodeSigner,source,426
net.jsign.AuthenticodeSigner,source,427
net.jsign.AuthenticodeSigner,source,428
net.jsign.AuthenticodeSigner,source,429
net.jsign.AuthenticodeSigner,source,430
net.jsign.AuthenticodeSigner,source,431
