de.cinovo.cloudconductor.server.rest.impl.ConfigValueImpl,sink,102
de.cinovo.cloudconductor.server.rest.impl.ConfigValueImpl,sink,103
de.cinovo.cloudconductor.server.rest.impl.ConfigValueImpl,sink,104
de.cinovo.cloudconductor.server.rest.impl.ConfigValueImpl,sink,90
de.cinovo.cloudconductor.server.rest.impl.ConfigValueImpl,sink,91
de.cinovo.cloudconductor.server.rest.impl.ConfigValueImpl,sink,108
de.cinovo.cloudconductor.server.rest.impl.ConfigValueImpl,sink,92
de.cinovo.cloudconductor.server.rest.impl.ConfigValueImpl,sink,93
de.cinovo.cloudconductor.server.rest.impl.ConfigValueImpl,sink,94
de.cinovo.cloudconductor.server.rest.impl.ConfigValueImpl,sink,111
de.cinovo.cloudconductor.server.rest.impl.ConfigValueImpl,sink,95
de.cinovo.cloudconductor.server.rest.impl.ConfigValueImpl,source,98
de.cinovo.cloudconductor.server.rest.impl.ConfigValueImpl,source,99
de.cinovo.cloudconductor.server.rest.impl.ConfigValueImpl,source,95
