com.fincatto.documentofiscal.utils.DFAssinaturaDigital,sink,137
com.fincatto.documentofiscal.utils.DFAssinaturaDigital,source,128
com.fincatto.documentofiscal.utils.DFAssinaturaDigital,source,130
com.fincatto.documentofiscal.utils.DFAssinaturaDigital,source,132
com.fincatto.documentofiscal.utils.DFAssinaturaDigital,source,136
com.fincatto.documentofiscal.utils.DFAssinaturaDigital,source,137
com.fincatto.documentofiscal.utils.DFAssinaturaDigital,source,124
com.fincatto.documentofiscal.utils.DFAssinaturaDigital,source,125
com.fincatto.documentofiscal.utils.DFAssinaturaDigital,source,126
com.fincatto.documentofiscal.utils.DFAssinaturaDigital,source,127
