io.swagger.v3.parser.util.OpenAPIDeserializer,sink,2194
io.swagger.v3.parser.util.OpenAPIDeserializer,sink,2195
io.swagger.v3.parser.util.OpenAPIDeserializer,sink,2196
io.swagger.v3.parser.util.OpenAPIDeserializer,source,2288
io.swagger.v3.parser.util.OpenAPIDeserializer,source,2192
io.swagger.v3.parser.util.OpenAPIDeserializer,source,2289
io.swagger.v3.parser.util.OpenAPIDeserializer,source,2290
io.swagger.v3.parser.util.OpenAPIDeserializer,source,2194
io.swagger.v3.parser.util.OpenAPIDeserializer,source,2195
io.swagger.v3.parser.util.OpenAPIDeserializer,source,2196
io.swagger.v3.parser.util.OpenAPIDeserializer,source,2293
