com.khs.sherpa.servlet.SherpaRequest,source,240
com.khs.sherpa.servlet.SherpaRequest,source,267
com.khs.sherpa.servlet.SherpaRequest,source,235
com.khs.sherpa.servlet.SherpaRequest,source,220
com.khs.sherpa.servlet.SherpaRequest,source,236
com.khs.sherpa.servlet.SherpaRequest,source,269
com.khs.sherpa.servlet.SherpaRequest,source,237
com.khs.sherpa.servlet.SherpaRequest,source,238
com.khs.sherpa.servlet.SherpaRequest,source,239
com.khs.sherpa.servlet.SherpaRequest,sink,240
com.khs.sherpa.servlet.SherpaRequest,sink,257
com.khs.sherpa.servlet.SherpaRequest,sink,258
com.khs.sherpa.servlet.SherpaRequest,sink,259
com.khs.sherpa.servlet.SherpaRequest,sink,261
com.khs.sherpa.servlet.SherpaRequest,sink,262
