com.mitchellbosecke.pebble.lexer.LexerImpl,source,498
com.mitchellbosecke.pebble.lexer.LexerImpl,source,466
com.mitchellbosecke.pebble.lexer.LexerImpl,source,503
com.mitchellbosecke.pebble.lexer.LexerImpl,source,504
com.mitchellbosecke.pebble.lexer.LexerImpl,source,506
com.mitchellbosecke.pebble.lexer.LexerImpl,source,507
com.mitchellbosecke.pebble.lexer.LexerImpl,source,444
com.mitchellbosecke.pebble.lexer.LexerImpl,source,494
com.mitchellbosecke.pebble.lexer.LexerImpl,source,447
com.mitchellbosecke.pebble.lexer.LexerImpl,sink,443
com.mitchellbosecke.pebble.lexer.LexerImpl,sink,444
com.mitchellbosecke.pebble.lexer.LexerImpl,sink,445
com.mitchellbosecke.pebble.lexer.LexerImpl,sink,446
