jenkins.plugins.coverity.analysis.IndioToolHandler,sink,129
jenkins.plugins.coverity.analysis.IndioToolHandler,sink,141
jenkins.plugins.coverity.analysis.IndioToolHandler,sink,400
jenkins.plugins.coverity.analysis.IndioToolHandler,sink,146
jenkins.plugins.coverity.analysis.IndioToolHandler,sink,281
jenkins.plugins.coverity.analysis.IndioToolHandler,sink,542
jenkins.plugins.coverity.analysis.IndioToolHandler,sink,286
jenkins.plugins.coverity.analysis.IndioToolHandler,sink,418
jenkins.plugins.coverity.analysis.IndioToolHandler,sink,419
jenkins.plugins.coverity.analysis.IndioToolHandler,sink,420
jenkins.plugins.coverity.analysis.IndioToolHandler,sink,422
jenkins.plugins.coverity.analysis.IndioToolHandler,sink,427
jenkins.plugins.coverity.analysis.IndioToolHandler,sink,434
jenkins.plugins.coverity.analysis.IndioToolHandler,sink,308
jenkins.plugins.coverity.analysis.IndioToolHandler,sink,182
jenkins.plugins.coverity.analysis.IndioToolHandler,sink,312
jenkins.plugins.coverity.analysis.IndioToolHandler,sink,445
jenkins.plugins.coverity.analysis.IndioToolHandler,sink,62
jenkins.plugins.coverity.analysis.IndioToolHandler,sink,447
jenkins.plugins.coverity.analysis.IndioToolHandler,sink,63
jenkins.plugins.coverity.analysis.IndioToolHandler,sink,64
jenkins.plugins.coverity.analysis.IndioToolHandler,sink,65
jenkins.plugins.coverity.analysis.IndioToolHandler,sink,68
jenkins.plugins.coverity.analysis.IndioToolHandler,sink,78
jenkins.plugins.coverity.analysis.IndioToolHandler,sink,79
jenkins.plugins.coverity.analysis.IndioToolHandler,sink,80
jenkins.plugins.coverity.analysis.IndioToolHandler,sink,82
jenkins.plugins.coverity.analysis.IndioToolHandler,sink,83
jenkins.plugins.coverity.analysis.IndioToolHandler,sink,84
jenkins.plugins.coverity.analysis.IndioToolHandler,sink,85
jenkins.plugins.coverity.analysis.IndioToolHandler,sink,86
jenkins.plugins.coverity.analysis.IndioToolHandler,sink,88
jenkins.plugins.coverity.analysis.IndioToolHandler,sink,90
jenkins.plugins.coverity.analysis.IndioToolHandler,sink,91
jenkins.plugins.coverity.analysis.IndioToolHandler,sink,92
jenkins.plugins.coverity.analysis.IndioToolHandler,sink,93
jenkins.plugins.coverity.analysis.IndioToolHandler,sink,94
jenkins.plugins.coverity.analysis.IndioToolHandler,sink,95
jenkins.plugins.coverity.analysis.IndioToolHandler,sink,96
jenkins.plugins.coverity.analysis.IndioToolHandler,sink,98
jenkins.plugins.coverity.analysis.IndioToolHandler,sink,226
jenkins.plugins.coverity.analysis.IndioToolHandler,sink,100
jenkins.plugins.coverity.analysis.IndioToolHandler,sink,102
jenkins.plugins.coverity.analysis.IndioToolHandler,sink,103
jenkins.plugins.coverity.analysis.IndioToolHandler,sink,360
jenkins.plugins.coverity.analysis.IndioToolHandler,sink,104
jenkins.plugins.coverity.analysis.IndioToolHandler,sink,105
jenkins.plugins.coverity.analysis.IndioToolHandler,sink,108
jenkins.plugins.coverity.analysis.IndioToolHandler,sink,492
jenkins.plugins.coverity.analysis.IndioToolHandler,sink,237
jenkins.plugins.coverity.analysis.IndioToolHandler,sink,365
jenkins.plugins.coverity.analysis.IndioToolHandler,sink,109
jenkins.plugins.coverity.analysis.IndioToolHandler,sink,366
jenkins.plugins.coverity.analysis.IndioToolHandler,sink,238
jenkins.plugins.coverity.analysis.IndioToolHandler,sink,239
jenkins.plugins.coverity.analysis.IndioToolHandler,sink,113
jenkins.plugins.coverity.analysis.IndioToolHandler,sink,114
jenkins.plugins.coverity.analysis.IndioToolHandler,sink,115
jenkins.plugins.coverity.analysis.IndioToolHandler,sink,117
jenkins.plugins.coverity.analysis.IndioToolHandler,sink,122
jenkins.plugins.coverity.analysis.IndioToolHandler,sink,507
jenkins.plugins.coverity.analysis.IndioToolHandler,sink,510
jenkins.plugins.coverity.analysis.IndioToolHandler,source,141
