com.mitchellbosecke.pebble.parser.ExpressionParser,source,273
com.mitchellbosecke.pebble.parser.ExpressionParser,source,325
com.mitchellbosecke.pebble.parser.ExpressionParser,source,326
com.mitchellbosecke.pebble.parser.ExpressionParser,sink,304
com.mitchellbosecke.pebble.parser.ExpressionParser,sink,320
com.mitchellbosecke.pebble.parser.ExpressionParser,sink,305
com.mitchellbosecke.pebble.parser.ExpressionParser,sink,306
com.mitchellbosecke.pebble.parser.ExpressionParser,sink,308
com.mitchellbosecke.pebble.parser.ExpressionParser,sink,315
com.mitchellbosecke.pebble.parser.ExpressionParser,sink,316
